"月","売上合計（月）"
"12月","16,699,200円"
"3月","17,656,000円"
"4月","18,239,600円"
"9月","19,779,100円"
"1月","20,288,300円"
"10月","21,378,700円"
"6月","21,696,200円"
"8月","22,589,500円"
"7月","24,379,200円"
"5月","27,084,900円"
"2月","28,181,500円"
"11月","42,361,700円"
